{
    "model": {
        "type": "minecraft:select",
        "property": "minecraft:component",
        "component": "minecraft:custom_name",
        "cases": [
            {
                "when": "Burner",
                "model": {
                    "type": "minecraft:condition",
                    "on_false": {
                        "type": "minecraft:model",
                        "model": "minecraft:item/burner"
                    },
                    "on_true": {
                        "type": "minecraft:range_dispatch",
                        "entries": [
                            {
                                "model": {
                                    "type": "minecraft:model",
                                    "model": "minecraft:item/burnerp1"
                                },
                                "threshold": 0.65
                            },
                            {
                                "model": {
                                    "type": "minecraft:model",
                                    "model": "minecraft:item/burnerp2"
                                },
                                "threshold": 0.9
                            }
                        ],
                        "fallback": {
                            "type": "minecraft:model",
                            "model": "minecraft:item/burnerp0"
                        },
                        "property": "minecraft:use_duration",
                        "scale": 0.05
                    },
                    "property": "minecraft:using_item"
                }
            }
        ],
        "fallback": {
            "type": "minecraft:condition",
            "on_false": {
                "type": "minecraft:model",
                "model": "minecraft:item/bow"
            },
            "on_true": {
                "type": "minecraft:range_dispatch",
                "entries": [
                    {
                        "model": {
                            "type": "minecraft:model",
                            "model": "minecraft:item/bow_pulling_1"
                        },
                        "threshold": 0.65
                    },
                    {
                        "model": {
                            "type": "minecraft:model",
                            "model": "minecraft:item/bow_pulling_2"
                        },
                        "threshold": 0.9
                    }
                ],
                "fallback": {
                    "type": "minecraft:model",
                    "model": "minecraft:item/bow_pulling_0"
                },
                "property": "minecraft:use_duration",
                "scale": 0.05
            },
            "property": "minecraft:using_item"
        }
    }
}